ARIZONA,Arizona,AZ,亚利桑那州
Arizona,Arizona,AZ,亚利桑那州
arizona,Arizona,AZ,亚利桑那州
AZ,Arizona,AZ,亚利桑那州
Az,Arizona,AZ,亚利桑那州
az,Arizona,AZ,亚利桑那州
ILLINOIS,Illinois,IL,伊利诺斯州
Illinois,Illinois,IL,伊利诺斯州
illinois,Illinois,IL,伊利诺斯州
IL,Illinois,IL,伊利诺斯州
Il,Illinois,IL,伊利诺斯州
il,Illinois,IL,伊利诺斯州
GEORGIA,Georgia,GA,佐治亚州
Georgia,Georgia,GA,佐治亚州
georgia,Georgia,GA,佐治亚州
GA,Georgia,GA,佐治亚州
Ga,Georgia,GA,佐治亚州
ga,Georgia,GA,佐治亚州
FLORIDA,Florida,FL,佛罗里达州
Florida,Florida,FL,佛罗里达州
florida,Florida,FL,佛罗里达州
FL,Florida,FL,佛罗里达州
Fl,Florida,FL,佛罗里达州
fl,Florida,FL,佛罗里达州
VERMONT,Vermont,VT,佛蒙特州
Vermont,Vermont,VT,佛蒙特州
vermont,Vermont,VT,佛蒙特州
VT,Vermont,VT,佛蒙特州
Vt,Vermont,VT,佛蒙特州
vt,Vermont,VT,佛蒙特州
OHIO,Ohio,OH,俄亥俄州
Ohio,Ohio,OH,俄亥俄州
ohio,Ohio,OH,俄亥俄州
OH,Ohio,OH,俄亥俄州
Oh,Ohio,OH,俄亥俄州
OH,Ohio,OH,俄亥俄州
OKLAHOMA,Oklahoma,OK,俄克拉荷马州
Oklahoma,Oklahoma,OK,俄克拉荷马州
oklahoma,Oklahoma,OK,俄克拉荷马州
OK,Oklahoma,OK,俄克拉荷马州
Ok,Oklahoma,OK,俄克拉荷马州
ok,Oklahoma,OK,俄克拉荷马州
OREGON,Oregon,OR,俄勒冈州
Oregon,Oregon,OR,俄勒冈州
oregon,Oregon,OR,俄勒冈州
OR,Oregon,OR,俄勒冈州
Or,Oregon,OR,俄勒冈州
or,Oregon,OR,俄勒冈州
NEVADA,Nevada,NV,内华达州
Nevada,Nevada,NV,内华达州
nevada,Nevada,NV,内华达州
NV,Nevada,NV,内华达州
Nv,Nevada,NV,内华达州
nv,Nevada,NV,内华达州
NEBRASKA,Nebraska,NE,内布拉斯加州
Nebraska,Nebraska,NE,内布拉斯加州
nebraska,Nebraska,NE,内布拉斯加州
NE,Nebraska,NE,内布拉斯加州
Ne,Nebraska,NE,内布拉斯加州
ne,Nebraska,NE,内布拉斯加州
CALIFORNIA,California,CA,加利福尼亚州
California,California,CA,加利福尼亚州
california,California,CA,加利福尼亚州
CA,California,CA,加利福尼亚州
Ca,California,CA,加利福尼亚州
ca,California,CA,加利福尼亚州
NORTH CAROLINA,North Carolina,NC,北卡罗来纳州
North Carolina,North Carolina,NC,北卡罗来纳州
north carolina,North Carolina,NC,北卡罗来纳州
NC,North Carolina,NC,北卡罗来纳州
Nc,North Carolina,NC,北卡罗来纳州
NC,North Carolina,NC,北卡罗来纳州
NORTH DAKOTA,North Dakota,ND,北达科他州
North Dakota,North Dakota,ND,北达科他州
north dakota,North Dakota,ND,北达科他州
ND,North Dakota,ND,北达科他州
Nd,North Dakota,ND,北达科他州
nd,North Dakota,ND,北达科他州
WASHINGTON,Washington,WA,华盛顿州
Washington,Washington,WA,华盛顿州
washington,Washington,WA,华盛顿州
WA,Washington,WA,华盛顿州
Wa,Washington,WA,华盛顿州
wa,Washington,WA,华盛顿州
SOUTH CAROLINA,South carolina,SC,南卡罗来纳州
South carolina,South carolina,SC,南卡罗来纳州
south carolina,South carolina,SC,南卡罗来纳州
SC,South carolina,SC,南卡罗来纳州
Sc,South carolina,SC,南卡罗来纳州
sc,South carolina,SC,南卡罗来纳州
SOUTH DAKOTA,South dakota,SD,南达科他州
South dakota,South dakota,SD,南达科他州
south dakota,South dakota,SD,南达科他州
SD,South dakota,SD,南达科他州
SD,South dakota,SD,南达科他州
sd,South dakota,SD,南达科他州
INDIANA,Indiana,IN,印第安纳州
Indiana,Indiana,IN,印第安纳州
indiana,Indiana,IN,印第安纳州
IN,Indiana,IN,印第安纳州
In,Indiana,IN,印第安纳州
in,Indiana,IN,印第安纳州
KANSAS,Kansas,KS,堪萨斯州
Kansas,Kansas,KS,堪萨斯州
kansas,Kansas,KS,堪萨斯州
KS,Kansas,KS,堪萨斯州
Ks,Kansas,KS,堪萨斯州
ks,Kansas,KS,堪萨斯州
HAWAII,Hawaii,HI,夏威夷州
Hawaii,Hawaii,HI,夏威夷州
hawaii,Hawaii,HI,夏威夷州
HI,Hawaii,HI,夏威夷州
Hi,Hawaii,HI,夏威夷州
hi,Hawaii,HI,夏威夷州
WISCONSIN,Wisconsin,WI,威斯康辛州
Wisconsin,Wisconsin,WI,威斯康辛州
wisconsin,Wisconsin,WI,威斯康辛州
WI,Wisconsin,WI,威斯康辛州
Wi,Wisconsin,WI,威斯康辛州
wi,Wisconsin,WI,威斯康辛州
PENNSYLVANIA,Pennsylvania,PA,宾夕法尼亚州
Pennsylvania,Pennsylvania,PA,宾夕法尼亚州
pennsylvania,Pennsylvania,PA,宾夕法尼亚州
PA,Pennsylvania,PA,宾夕法尼亚州
Pa,Pennsylvania,PA,宾夕法尼亚州
pa,Pennsylvania,PA,宾夕法尼亚州
MICHIGAN,Michigan,MI,密歇根州
Michigan,Michigan,MI,密歇根州
michigan,Michigan,MI,密歇根州
MI,Michigan,MI,密歇根州
Mi,Michigan,MI,密歇根州
mi,Michigan,MI,密歇根州
MISSOURI,Missouri,MO,密苏里州
Missouri,Missouri,MO,密苏里州
missouri,Missouri,MO,密苏里州
MO,Missouri,MO,密苏里州
Mo,Missouri,MO,密苏里州
mo,Missouri,MO,密苏里州
MISSISSIPPI,Mississippi,MS,密西西比州
Mississippi,Mississippi,MS,密西西比州
mississippi,Mississippi,MS,密西西比州
MS,Mississippi,MS,密西西比州
Ms,Mississippi,MS,密西西比州
ms,Mississippi,MS,密西西比州
CONNECTICUT,Connecticut,CT,康涅狄格州
Connecticut,Connecticut,CT,康涅狄格州
connecticut,Connecticut,CT,康涅狄格州
CT,Connecticut,CT,康涅狄格州
Ct,Connecticut,CT,康涅狄格州
ct,Connecticut,CT,康涅狄格州
VIRGINIA,Virginia,VA,弗吉尼亚州
Virginia,Virginia,VA,弗吉尼亚州
virginia,Virginia,VA,弗吉尼亚州
VA,Virginia,VA,弗吉尼亚州
Va,Virginia,VA,弗吉尼亚州
va,Virginia,VA,弗吉尼亚州
TEXAS,Texas,TX,得克萨斯州
Texas,Texas,TX,得克萨斯州
texas,Texas,TX,得克萨斯州
TX,Texas,TX,得克萨斯州
Tx,Texas,TX,得克萨斯州
tx,Texas,TX,得克萨斯州
WYOMING,Wyoming,WY,怀俄明州
Wyoming,Wyoming,WY,怀俄明州
wyoming,Wyoming,WY,怀俄明州
WY,Wyoming,WY,怀俄明州
Wy,Wyoming,WY,怀俄明州
wy,Wyoming,WY,怀俄明州
NEW JERSEY,New jersey,NJ,新泽西州
New jersey,New jersey,NJ,新泽西州
new jersey,New jersey,NJ,新泽西州
NJ,New jersey,NJ,新泽西州
Nj,New jersey,NJ,新泽西州
nj,New jersey,NJ,新泽西州
NEW HAMPSHIRE,New hampshire,NH,新罕布什尔州
New hampshire,New hampshire,NH,新罕布什尔州
new hampshire,New hampshire,NH,新罕布什尔州
NH,New hampshire,NH,新罕布什尔州
Nh,New hampshire,NH,新罕布什尔州
nh,New hampshire,NH,新罕布什尔州
NEW MEXICO,New mexico,NM,新墨西哥州
New mexico,New mexico,NM,新墨西哥州
new mexico,New mexico,NM,新墨西哥州
NM,New mexico,NM,新墨西哥州
Nm,New mexico,NM,新墨西哥州
nm,New mexico,NM,新墨西哥州
MINNESOTA,Minnesota,MN,明尼苏达州
Minnesota,Minnesota,MN,明尼苏达州
minnesota,Minnesota,MN,明尼苏达州
MN,Minnesota,MN,明尼苏达州
Mn,Minnesota,MN,明尼苏达州
mn,Minnesota,MN,明尼苏达州
IOWA,Iowa,IA,爱荷华州
Iowa,Iowa,IA,爱荷华州
iowa,Iowa,IA,爱荷华州
IA,Iowa,IA,爱荷华州
Ia,Iowa,IA,爱荷华州
ia,Iowa,IA,爱荷华州
IDAHO,Idaho,ID,爱达荷州
Idaho,Idaho,ID,爱达荷州
idaho,Idaho,ID,爱达荷州
ID,Idaho,ID,爱达荷州
Id,Idaho,ID,爱达荷州
id,Idaho,ID,爱达荷州
DELAWARE,Delaware,DE,特拉华州
Delaware,Delaware,DE,特拉华州
delaware,Delaware,DE,特拉华州
DE,Delaware,DE,特拉华州
De,Delaware,DE,特拉华州
de,Delaware,DE,特拉华州
UTAH,Utah,UT,犹他州
Utah,Utah,UT,犹他州
utah,Utah,UT,犹他州
UT,Utah,UT,犹他州
Ut,Utah,UT,犹他州
ut,Utah,UT,犹他州
TENNESSEE,Tennessee,TN,田纳西州
Tennessee,Tennessee,TN,田纳西州
tennessee,Tennessee,TN,田纳西州
TN,Tennessee,TN,田纳西州
Tn,Tennessee,TN,田纳西州
tn,Tennessee,TN,田纳西州
COLORADO,Colorado,CO,科罗拉多州
Colorado,Colorado,CO,科罗拉多州
colorado,Colorado,CO,科罗拉多州
CO,Colorado,CO,科罗拉多州
Co,Colorado,CO,科罗拉多州
co,Colorado,CO,科罗拉多州
NEW YORK,New York,NY,纽约州
New York,New York,NY,纽约州
new York,New York,NY,纽约州
NY,New York,NY,纽约州
Ny,New York,NY,纽约州
ny,New York,NY,纽约州
MAINE,Maine,ME,缅因州
Maine,Maine,ME,缅因州
maine,Maine,ME,缅因州
ME,Maine,ME,缅因州
Me,Maine,ME,缅因州
me,Maine,ME,缅因州
RHODE ISLAND,Rhode island,RI,罗得岛州
Rhode island,Rhode island,RI,罗得岛州
rhode island,Rhode island,RI,罗得岛州
RI,Rhode island,RI,罗得岛州
Ri,Rhode island,RI,罗得岛州
ri,Rhode island,RI,罗得岛州
KENTUCKY,Kentucky,KY,肯塔基州
Kentucky,Kentucky,KY,肯塔基州
kentucky,Kentucky,KY,肯塔基州
KY,Kentucky,KY,肯塔基州
Ky,Kentucky,KY,肯塔基州
KY,Kentucky,KY,肯塔基州
MONTANA,Montana,MT,蒙大拿州
Montana,Montana,MT,蒙大拿州
montana,Montana,MT,蒙大拿州
MT,Montana,MT,蒙大拿州
Mt,Montana,MT,蒙大拿州
mt,Montana,MT,蒙大拿州
WEST VIRGINIA,West Virginia,WV,西弗吉尼亚州
West Virginia,West Virginia,WV,西弗吉尼亚州
west Virginia,West Virginia,WV,西弗吉尼亚州
WV,West Virginia,WV,西弗吉尼亚州
Wv,West Virginia,WV,西弗吉尼亚州
wv,West Virginia,WV,西弗吉尼亚州
LOUISIANA,Louisiana,LA,路易斯安那州
Louisiana,Louisiana,LA,路易斯安那州
louisiana,Louisiana,LA,路易斯安那州
LA,Louisiana,LA,路易斯安那州
La,Louisiana,LA,路易斯安那州
la,Louisiana,LA,路易斯安那州
ALABAMA,Alabama,AL,阿拉巴马州
Alabama,Alabama,AL,阿拉巴马州
alabama,Alabama,AL,阿拉巴马州
AL,Alabama,AL,阿拉巴马州
Al,Alabama,AL,阿拉巴马州
al,Alabama,AL,阿拉巴马州
ALASKA,Alaska,AK,阿拉斯加州
Alaska,Alaska,AK,阿拉斯加州
alaska,Alaska,AK,阿拉斯加州
AK,Alaska,AK,阿拉斯加州
Ak,Alaska,AK,阿拉斯加州
ak,Alaska,AK,阿拉斯加州
ARKANSAS,Arkansas,AR,阿肯色州
Arkansas,Arkansas,AR,阿肯色州
arkansas,Arkansas,AR,阿肯色州
AR,Arkansas,AR,阿肯色州
Ar,Arkansas,AR,阿肯色州
ar,Arkansas,AR,阿肯色州
MASSACHUSETTS,Massachusetts,MA,马萨诸塞州
Massachusetts,Massachusetts,MA,马萨诸塞州
massachusetts,Massachusetts,MA,马萨诸塞州
MA,Massachusetts,MA,马萨诸塞州
Ma,Massachusetts,MA,马萨诸塞州
ma,Massachusetts,MA,马萨诸塞州
MARYLAND,Maryland,MD,马里兰州
Maryland,Maryland,MD,马里兰州
maryland,Maryland,MD,马里兰州
MD,Maryland,MD,马里兰州
Md,Maryland,MD,马里兰州
md,Maryland,MD,马里兰州
